{"cameraMode":{"drawMode":0,"name":"Shaded","section":"Shading Mode"},"sceneLighting":false,"audioPlay":false,"sceneViewState":{"m_AlwaysRefresh":false,"showFog":true,"showSkybox":false,"showFlares":true,"showImageEffects":true,"showParticleSystems":true,"showVisualEffectGraphs":true,"m_FxEnabled":true},"in2DMode":false,"pivot":{"x":-26.098403930664064,"y":8.181612014770508,"z":14.789164543151856},"rotation":{"x":0.010220031253993512,"y":-0.009786236099898816,"z":0.012500983662903309,"w":1.002919316291809},"size":78.16493225097656,"orthographic":false}