{"cameraMode":{"drawMode":0,"name":"Shaded","section":"Shading Mode"},"sceneLighting":false,"audioPlay":false,"sceneViewState":{"m_AlwaysRefresh":false,"showFog":false,"showSkybox":false,"showFlares":false,"showImageEffects":false,"showParticleSystems":false,"showVisualEffectGraphs":true,"m_FxEnabled":true},"in2DMode":false,"pivot":{"x":0.17347490787506104,"y":1.2284339666366578,"z":-0.3877420425415039},"rotation":{"x":0.06467565149068833,"y":-0.9324356317520142,"z":0.21083375811576844,"w":0.2869429290294647},"size":0.7301188111305237,"orthographic":false}