{"cameraMode":{"drawMode":0,"name":"Shaded","section":"Shading Mode"},"sceneLighting":true,"audioPlay":false,"sceneViewState":{"m_AlwaysRefresh":false,"showFog":true,"showSkybox":true,"showFlares":true,"showImageEffects":true,"showParticleSystems":true,"showVisualEffectGraphs":true,"m_FxEnabled":true},"in2DMode":false,"pivot":{"x":-0.17304521799087525,"y":1.052677869796753,"z":0.390796422958374},"rotation":{"x":0.0866536870598793,"y":-0.5074377059936523,"z":0.06197328492999077,"w":0.8589155077934265},"size":0.5525887608528137,"orthographic":false}